Formula,Space group number,Band Gap (eV),Debye T (K)
AlBaF5,19,7.28,337
AlBaF5,14,7.08,286
AlBaF5,4,7.20,351
Al2Ba3F12,58,6.87,220
AlBa3F9,62,6.49,135
AlBa3F9,30,6.44,165
AlBa3F9,62,6.49,174
Al2Ba3N4,52,1.57,317
Al2BaO4,173,4.10,446
Al2BaO4,182,3.94,505
Al2BaO4,182,3.94,503
Al2Ba4O7,64,3.57,253
Al3Ba17O7,138,0.00,281
Al4BaS7,31,3.16,366
Al2BaS4,205,3.65,363
Al2Br7K,14,4.23,83
Al3Br12La,152,2.61,271
Al3Br12Nd,152,3.38,235
Al3Br12Pr,152,3.37,236
Al3C3Lu,194,0.15,651
Al2C2Mg,164,1.75,802
Al3C3Sc,194,0.03,803
Al3C3Sc,186,0.11,801
Al3C3Tm,194,0.06,638
AlCaF5,15,7.15,485
AlCaF5,14,7.14,454
AlCa2F7,62,7.14,387
Al2Ca3N4,19,2.20,641
Al2Ca3N4,14,2.29,645
Al2Ca3N4,15,2.53,659
AlCa3N3,14,2.46,584
Al12CaO19,194,4.32,806
Al12CaO19,194,4.32,806
Al4CaO7,15,4.00,716
Al2CaO4,173,4.19,684
Al2CaO4,62,4.85,785
Al2CaO4,14,4.39,642
Al2CaO4,14,4.39,610
Al2CaO4,11,4.98,753
Al6Ca4O13,217,3.62,654
Al6Ca4O13,60,3.90,609
Al6Ca4O13,217,3.62,653
Al6Ca5O14,36,4.23,617
Al2Ca2O5,46,3.56,715
Al2Ca3O6,205,4.27,518
Al2CaS4,70,3.61,431
AlCl4Cs,62,5.39,60
Al3Cl12Dy,151,4.26,322
Al3Cl12Ho,151,4.31,323
AlCl4K,4,5.29,160
AlCl4Li,14,5.56,109
Al2Cl8Mg,15,5.16,184
AlCl4Na,19,5.16,79
AlCl8Nb,63,2.04,50
Al3Cl12Tb,151,4.22,342
Al2Cl8Ti,14,0.06,185
Al2Cl8Ti,15,0.32,185
Al2Cl8V,15,1.63,185
Al3Cl12Y,151,4.03,352
AlCsF4,189,6.97,298
AlCsF4,62,6.74,146
AlCsO2,227,4.27,364
AlCs3O3,14,2.27,146
Al5Dy3O12,230,4.57,559
AlDyO3,62,5.72,472
Al5Er3O12,230,4.76,549
AlErO3,194,3.55,443
AlErO3,62,5.80,464
AlF4K,123,6.79,422
AlF4K,127,6.94,404
AlF4K,11,6.91,344
AlF5K2,123,6.32,310
AlF6Li3,15,7.69,457
AlF6Li3,33,7.92,519
AlF5Mg,71,4.75,458
AlF4Na,123,5.78,454
Al3F14Na5,128,6.55,278
AlF6Na3,71,5.89,362
AlF6Na3,14,6.71,354
AlF4Rb,123,6.88,380
AlF4Rb,127,6.94,371
AlF4Rb,59,6.94,339
AlF5Sr,79,7.09,322
AlF5Sr,14,7.25,291
Al2F16Sr5,68,6.93,205
Al5Gd3O12,230,3.46,602
AlGdO3,62,3.24,522
Al5Ho3O12,230,4.67,558
AlHoO3,62,5.83,475
Al9KO14,14,4.14,618
AlKO2,92,3.75,473
AlKO2,61,4.00,411
AlK3O3,12,2.90,323
AlLaO3,167,4.02,509
AlLaO3,221,3.49,536
Al2La4O9,14,4.49,375
AlLi3N2,206,2.94,876
AlLiO2,166,6.12,907
AlLiO2,92,4.59,680
AlLi5O4,61,4.66,538
AlLi5O4,59,4.80,584
Al5Lu3O12,230,5.04,574
AlLuO3,62,5.74,486
Al2MgO4,227,5.11,814
Al2MgO4,62,4.98,774
Al2MgS4,62,3.07,373
Al2MgS4,62,3.07,370
AlMo4S8,160,0.17,388
AlNPr3,221,0.04,234
Al2N4Sr3,52,1.91,460
Al11NaO17,194,4.37,658
Al11NaO17,194,4.37,658
AlNaO2,33,3.80,615
AlNaO2,166,4.73,795
Al3Na7O8,2,3.12,483
Al5Na17O16,8,2.44,476
Al4Na14O13,14,2.47,462
AlNa5O4,61,2.42,377
AlNa3S3,14,2.91,276
AlNa3S3,14,2.91,256
AlNbO4,12,2.60,530
AlNdO3,167,4.35,564
Al2Nd4O9,14,4.08,422
AlO3Pr,167,4.13,585
Al11O17Rb,194,4.73,633
AlO3Rb3,12,2.65,222
AlO3Sc,62,4.59,700
AlO3Sm,62,4.77,562
Al12O19Sr,194,4.45,693
Al12O19Sr,194,4.45,696
Al4O7Sr,67,3.23,692
Al4O7Sr,15,3.75,591
Al14O25Sr4,51,3.95,589
Al6O11Sr2,58,4.12,579
Al2O4Sr,4,4.14,528
Al2O4Sr,173,4.06,546
Al2O6Sr3,205,4.20,402
Al6O19Sr10,15,3.69,369
AlO4Ta,12,4.07,481
AlO4Ta,60,3.28,535
Al5O12Tb3,230,4.47,558
AlO3Tb,62,5.60,522
Al2O5Ti,63,2.95,653
Al2O15Ti7,12,0.00,574
AlO3Tm,62,5.77,495
Al5O12Y3,230,4.50,615
AlO3Y,194,3.50,569
AlO3Y,62,5.54,586
Al2O9Y4,14,4.33,470
Al2O9Y4,14,4.33,476
Al2S4Sr,70,3.72,329
B2Ba3N4,19,2.52,270
B8BaO13,91,5.55,709
B10Ba2O17,2,5.67,670
B4BaO7,62,6.47,621
B4BaO7,14,5.16,544
B2BaO4,167,4.52,395
B2BaO4,161,4.79,386
B2BaS4,9,2.74,193
B4Ba7S13,15,2.52,288
B6Br6Cs,148,2.80,310
B4Br23Tb16,12,0.01,292
BBr6Tb4,15,0.01,190
B2C2Ca,140,0.48,799
B4C5Ce5,33,0.00,440
B9C12Ce10,92,0.00,517
BCDy,65,0.18,500
B3C2Gd2,65,0.02,576
B9C12La10,92,0.05,497
B14C19La15,14,0.02,525
B13C2Li,74,2.55,1392
B6CLi,38,1.39,1484
BCLi,194,0.85,1192
B24CMg2,118,2.49,1232
B12C2Mg,74,2.14,1319
B2C2Mg,64,1.02,901
B4CTb2,71,0.04,639
B2CYb,135,0.09,629
BCa3N3,123,0.57,706
B6CaO10,14,5.82,699
B4CaO7,31,6.32,727
B4CaO7,14,5.64,656
B6Ca2O11,14,5.64,666
B2CaO4,33,5.46,599
B2CaO4,56,6.02,598
B2CaO4,60,5.19,585
B2CaO4,205,6.07,744
B2Ca2O5,14,4.74,519
B2Ca2O5,19,4.71,517
B2Ca2O5,14,4.74,509
B2CaS4,205,3.01,528
B8Ce2O15,13,0.16,426
B14Ce4O27,15,0.05,404
B3CeO6,15,0.19,409
B3CeO6,29,0.25,418
B6Cl6Cs,148,3.26,453
B9CsO14,17,5.45,650
B5CsO8,61,5.94,510
B5CsO8,61,5.94,492
B5CsO8,62,5.95,539
B5CsO8,14,5.90,513
B3CsO5,19,5.30,373
BCsO2,167,3.85,223
BCs3S3,14,2.55,108
B3DyO6,62,5.64,361
B4Dy2O9,2,5.62,319
B6Dy4O15,15,5.45,310
B3ErO6,62,5.70,375
B5Er3O12,53,5.35,318
B4EuO7,31,2.04,635
B2EuO4,60,0.48,405
B2EuS4,14,1.00,257
BF4Li,152,8.25,299
B3GdO6,15,2.74,396
B4Gd2O9,2,2.82,352
BGdO3,155,2.05,350
B2HfO5,14,4.41,469
B3HoO6,62,5.66,368
B4Ho2O9,15,5.68,304
B6Ho4O15,15,5.53,315
B5KO8,61,4.28,627
B5KO8,61,4.28,596
B19K5O31,15,5.35,680
B3KO5,14,5.23,515
B4K2O7,2,4.82,515
BKO2,167,4.13,429
BKS2,167,2.77,221
B2K2S7,15,2.51,112
BK3S3,14,2.71,164
BLaN2,2,2.17,531
B4La5N9,57,1.31,475
B2La3N5,14,1.17,429
B5LaO9,14,4.49,433
B14La4O27,15,4.18,419
B3LaO6,15,4.54,395
B3LaO6,14,4.20,422
B10La4O21,14,4.14,373
BLi3N2,136,3.45,1002
BLi3N2,141,3.30,991
BLi3N2,14,3.37,930
B11Li3O18,14,5.54,660
B3LiO5,62,6.14,670
B3LiO5,33,6.35,639
B7Li3O12,2,5.60,630
B4Li2O7,110,5.67,652
BLiO2,14,5.23,583
BLiO2,122,7.28,783
BLiO2,122,7.28,791
B4Li6O9,14,4.90,640
B2Li4O5,15,4.97,673
B2Li2S5,63,2.44,334
BLi3S3,62,3.05,359
B3LuO6,62,5.87,392
B5Lu3O12,53,5.43,339
B9MgN,166,1.68,1161
BMg3N3,194,1.38,916
B4MgO7,61,5.74,689
B2Mg2O5,14,5.15,653
B2Mg2O5,2,5.09,650
BN2Na3,14,1.65,618
BN2Pr,167,2.11,580
B8Na2O13,14,5.45,689
B8Na2O13,14,5.45,688
B3NaO5,14,5.24,573
B3NaO5,14,5.24,572
B7Na3O12,2,4.92,646
B4Na2O7,2,5.15,606
B4Na2O7,2,5.15,588
BNaO2,167,4.11,599
B2Na4O5,15,3.69,452
B5Na3S9,142,3.51,412
BNaS2,167,2.56,305
B2Na2S5,62,2.59,230
BNa3S3,15,2.58,248
BNbO4,141,2.47,614
B3NdO6,15,5.42,439
B3NdO6,62,5.25,437
B3O6Pr,15,5.39,424
B10O21Pr4,14,5.00,336
B5O8Rb,61,5.94,574
B19O31Rb5,15,5.29,639
B3O5Rb,19,5.70,454
B3O5Rb,15,5.63,493
B3O5Rb,19,5.70,461
B7O12Rb3,2,4.48,489
B4O7Rb2,2,4.59,419
BO2Rb,167,3.93,315
B3O6Sm,15,5.47,471
B3O6Sm,62,5.35,478
B4O9Sm2,15,5.49,414
B8O13Sr,14,5.57,702
B4O7Sr,31,7.12,674
B4O7Sr,143,5.18,632
B14O25Sr4,36,5.21,655
B2O4Sr,60,4.95,466
B2O4Sr,205,6.38,629
B2O5Sr2,14,4.28,341
BO4Ta,141,3.45,582
B3O6Tb,62,5.55,376
B3O6Tm,62,5.79,477
B5O12Tm3,53,5.39,398
BO3V,167,1.82,683
B2O5Zr,14,3.79,532
BPrS3,33,2.44,225
B9Rb4S9,2,3.12,497
BRbS2,167,2.83,165
BRbS3,14,2.39,92
BRb3S3,14,2.55,125
BS3Sm,33,2.39,235
B2S4Sr,14,2.82,272
B2S4Sr,148,2.98,269
B2S6Sr3,15,2.31,190
BS3Tb,33,2.33,240
Ba3BiN,194,0.65,264
Ba2Bi2O5,14,2.01,285
BaBiO3,1,0.10,363
BaBiO3,1,0.10,332
BaBi2S4,176,0.95,226
BaBi2S4,176,0.95,270
Ba4Br6O,186,4.16,217
Ba4Br2Si3,14,0.37,188
Ba4Cl6O,186,4.36,244
Ba2ClP,166,1.26,119
Ba2ClP7,11,1.56,383
BaF5Ga,19,5.76,293
BaF6Ge,166,5.79,285
Ba3F12In2,127,4.51,156
BaF5Sb,57,4.75,211
BaF12Sb2,1,4.05,264
BaF6Si,166,7.42,275
BaF6Sn,148,4.99,274
Ba3Ga2N4,52,1.49,292
Ba3Ga3N5,15,1.42,317
Ba4Ga2O7,14,3.24,250
BaGa2O4,173,3.03,375
BaGa2O4,173,3.03,334
Ba5Ga2S8,64,2.53,270
Ba4Ga2S7,11,2.63,283
Ba3Ga2S6,15,2.68,288
Ba2Ga2S5,15,2.77,266
BaGa2S4,205,2.90,381
BaGa4S7,31,2.58,330
Ba3GeO,62,0.37,253
Ba3GeO5,140,2.76,311
BaGeO3,19,3.54,243
BaGe2O5,64,1.81,374
BaGe2O5,14,2.93,335
BaGe4O9,150,3.06,439
Ba2GeS4,62,2.29,205
BaGe2S5,227,2.18,196
Ba3In2O6,139,0.88,352
Ba2In2O5,46,0.92,335
Ba4In6O13,45,0.44,355
BaIn2O4,14,1.67,312
Ba2In2S5,61,1.99,270
BaIn2S4,70,2.33,251
BaN4P2,205,3.91,543
Ba3NSb,194,0.71,282
Ba5N6Si2,19,1.40,287
BaN2Si,64,2.92,349
Ba2N8Si5,31,2.88,622
BaN8Si6,44,3.25,732
BaN10Si7,7,4.11,751
Ba4OP2,64,1.04,216
Ba3O13P4,2,5.12,364
Ba3O13P4,2,5.12,377
BaO6P2,19,5.27,359
BaO6P2,14,5.43,364
Ba4OSb2,139,0.64,239
Ba3OSb2,55,0.33,244
Ba3OSb4,14,0.36,194
Ba3O6Sb2,2,2.93,199
Ba4O9Sb2,194,2.82,251
Ba2O5Sb2,62,2.38,205
BaO6Sb2,162,2.86,333
Ba3OSi,62,0.42,272
Ba3O5Si,140,3.54,282
BaO3Si,194,2.12,534
BaO3Si,166,3.04,491
BaO3Si,19,4.53,253
Ba2O8Si3,14,4.51,286
Ba2O8Si3,4,4.49,284
Ba5O21Si8,15,4.50,349
Ba3O13Si5,14,4.51,321
BaO5Si2,62,4.76,310
BaO5Si2,15,4.86,282
BaO9Si4,188,4.34,489
Ba2O4Sn,139,2.44,380
BaO3Sn,221,0.37,519
Ba3P2S8,14,2.15,198
BaPS3,14,3.10,235
Ba8S17Sb6,13,1.39,264
BaS4Sb2,14,1.49,240
Ba3S5Si,62,2.81,206
Ba2S4Si,62,3.00,215
Ba2S4Sn,33,2.31,193
Ba2S4Sn,14,1.96,230
BaS2Sn,14,1.64,270
Ba3S7Sn2,14,2.19,161
BaS3Sn2,11,1.30,183
BiBr6Rb3,62,3.30,189
BiCa3N,221,1.20,420
Bi2CaO4,15,2.54,259
Bi2Ca2O5,2,2.50,309
Bi2Ca4O,139,0.81,225
BiCl6Cs3,15,3.85,114
BiCl15Mo6,15,2.15,247
BiCl15W6,15,2.00,262
BiCsF6,148,2.82,222
Bi4Cs2O7,15,2.67,146
BiCsO2,15,2.32,291
BiCs3O3,198,3.05,223
Bi3CsS5,62,1.43,108
BiCsS2,14,1.75,192
BiF5K2,62,4.77,185
BiF6K,206,2.71,174
BiF4Li,88,4.85,359
BiF6Li,148,2.54,323
BiF6Na,148,2.71,274
BiF6Rb,148,2.62,232
BiKO2,15,1.85,359
BiKO3,201,0.49,354
Bi5K9O13,14,1.07,306
Bi2K4O5,2,2.62,272
BiK3O3,217,2.96,251
BiK3O4,2,1.14,292
Bi2La4S9,62,1.08,214
BiLiO2,72,2.04,387
BiLiO3,56,0.14,415
BiLi3O3,2,2.44,358
BiLi5O5,8,1.36,445
BiLi7O6,146,1.85,410
Bi2MgO6,136,0.00,332
Bi10Mo3O24,5,2.80,212
Bi2MoO6,64,0.52,283
Bi2MoO6,61,0.59,267
Bi2MoO6,29,2.13,221
Bi2MoO6,14,2.64,214
BiNaO2,15,1.14,409
BiNaO3,148,1.09,447
BiNa3O3,217,2.84,335
BiNa3O4,13,0.96,417
Bi5Nb3O15,30,1.27,240
BiNbO4,52,2.94,348
BiNbO4,2,2.52,335
Bi4O7Rb2,15,2.61,158
BiO2Rb,15,2.20,335
BiO3Rb3,198,3.10,233
BiO3Sc,15,2.66,331
BiO3Sc,9,2.69,313
Bi2OSr4,139,1.49,265
Bi2OSr4,139,1.49,266
Bi2O4Sr,12,2.56,284
Bi2O5Sr2,62,2.26,266
BiO3Sr,14,0.31,400
Bi7O18Ta3,12,2.33,188
Bi4O11Ta2,2,2.80,203
BiO4Ta,52,2.97,366
BiO4Ta,2,2.90,340
Bi12O20Ti,197,2.31,259
Bi4O12Ti3,139,1.38,277
Bi4O12Ti3,41,2.42,257
Bi4O12Ti3,9,2.26,256
Bi4O12Ti3,7,2.37,256
Bi2O7Ti2,227,2.61,389
Bi2O7Ti2,227,2.61,386
Bi2O7Ti2,227,2.61,386
Bi2O7Ti2,227,2.61,386
Bi2O11Ti4,15,2.09,427
Bi2O11Ti4,12,2.04,433
Bi6O16V3,62,2.17,203
Bi4O11V2,5,2.16,200
Bi4O11V2,5,2.16,201
Bi2O6W,12,2.51,272
Bi2O6W,41,1.90,255
Bi2O6W,29,1.91,242
BiRbS2,166,1.34,263
Br3CaIn,63,3.14,128
Br3CaIn,63,3.14,128
Br3CsGe,221,0.76,158
Br6Cs2Sn,225,1.44,79
Br3CsSn,221,1.60,180
Br6Eu4O,186,0.75,232
BrEu2O2,12,2.26,275
BrEu3O4,63,0.01,299
Br4GaK,161,3.58,61
Br4GaLi,14,3.44,68
Br3GaLi,11,2.96,77
Br4GaNa,62,3.48,24
BrGdO,129,2.89,235
Br7Ge2Rb3,14,2.90,57
Br3InMg,62,2.06,37
Br6In2Zr,128,2.39,13
Br2K4O,139,0.99,273
BrK3O,221,0.89,252
Br6K2Sn,225,1.17,129
BrLaO,129,3.73,190
Br4La7Sb11,62,0.14,129
Br3La9Sb16,176,0.22,168
Br3Li7O2,139,4.25,359
BrLi3O,221,4.28,571
BrLuO,129,4.39,212
Br2Na4O,139,1.98,299
BrNa3O,221,1.88,365
Br3NbO,113,1.96,79
BrNdO,129,4.48,223
BrOPr,129,4.46,230
Br4ORb6,167,1.53,323
Br2ORb4,139,0.59,296
BrORb3,221,0.41,260
BrOSc,59,3.24,231
BrOSm,129,4.52,273
Br6OSr4,186,4.22,263
BrOTm,129,4.35,243
BrOV,59,1.45,237
BrOY,129,4.49,237
CGd3In,221,0.00,386
CSnTm3,221,0.11,512
CSnYb3,221,0.01,522
Ca4Cl6O,186,5.22,377
Ca3Cl3P,221,1.84,278
CaF6Sn,225,5.38,309
CaF6Sn,148,5.41,309
CaF6Sn,225,5.38,309
Ca6GaN5,193,0.81,528
Ca3Ga2N4,15,1.91,558
Ca2Ga2O5,46,2.17,588
Ca5Ga6O14,36,3.07,502
Ca3Ga4O9,35,2.64,511
CaGa2O4,62,2.98,565
CaGa2O4,33,2.99,447
CaGa2O4,14,3.20,449
CaGa4O7,15,2.53,493
CaGa2S4,70,2.91,343
Ca7GeN6,60,2.23,545
Ca4GeN4,14,1.59,556
CaGeN2,122,2.66,545
Ca3GeO,74,0.16,413
Ca2GeO4,139,2.90,654
Ca5Ge3O11,2,3.35,508
CaGeO3,88,2.51,533
CaGeO3,62,2.02,610
CaGeO3,2,3.47,449
CaGe2O5,55,2.69,504
CaGe2O5,15,2.71,467
Ca2Ge7O16,117,2.86,502
Ca2GeS4,62,2.51,336
Ca3NP,221,0.80,474
Ca2N3P,64,2.60,703
Ca4N4Si,14,1.45,562
Ca5N6Si2,15,2.16,591
Ca5N6Si2,12,2.46,591
CaN2Si,61,3.44,662
Ca2N8Si5,61,3.65,770
Ca2N8Si5,9,3.35,776
Ca4OP2,139,1.27,362
Ca4O19P6,2,5.36,469
CaO6P2,14,5.72,409
CaO6P2,9,5.53,410
CaO6P2,9,5.53,457
CaO11P4,14,5.34,434
Ca4OSb2,139,0.91,262
Ca2O7Sb2,227,0.19,441
Ca2O7Sb2,74,1.73,402
Ca2O7Sb2,227,0.19,444
CaO6Sb2,162,2.69,401
Ca3OSi,62,0.19,497
Ca3O5Si,160,3.70,534
Ca2O4Si,139,4.36,669
Ca8O18Si5,60,4.55,406
CaO3Si,15,4.73,494
CaO3Si,221,3.45,858
CaO3Si,2,4.84,524
CaO3Si,2,4.84,494
CaO3Si,15,4.73,459
CaO3Si,14,5.12,464
CaO3Si,2,4.84,500
CaO5Si2,2,4.78,500
Ca2O4Sn,55,2.71,530
CaO3Sn,148,2.94,560
CaO3Sn,62,2.33,553
CaO3Sn,221,1.39,635
CaPS3,14,3.07,400
Ca2S5Sb2,14,1.81,241
Ca2S4Sn,62,2.26,306
Ce2Ge3O9,2,0.00,457
CeN5Si3,19,0.24,633
CeO9P3,20,0.22,495
CeO12P4,15,1.23,471
CeO14P5,53,0.31,497
CeO14P5,1,0.10,501
Ce10OS14,142,0.00,200
Ce3O3S2,62,0.00,226
CePS4,142,0.08,304
Ce6S17Si4,2,0.14,308
Ce4S12Si3,161,0.06,288
Cl4CsGa,62,4.49,92
Cl6Cs2Ge,225,2.22,106
Cl3CsGe,160,2.64,114
Cl9Cs3In2,167,3.46,96
Cl4Cs6O,167,1.98,352
ClCs3O,62,1.60,309
Cl6CsSb,15,2.00,83
Cl6Cs2Sb,141,0.09,66
Cl9Cs3Sb2,62,2.63,74
Cl5CsSn2,140,3.06,77
Cl6Cs2Sn,225,2.59,118
Cl3CsSn,14,2.92,130
ClDyO,129,5.17,300
Cl6Eu4O,186,0.88,261
Cl4GaK,14,4.36,110
Cl7Ga2K,33,4.05,129
Cl4GaLi,14,4.49,123
Cl3GaLi,62,3.69,117
Cl4GaRb,62,4.40,119
ClGdO,129,2.99,311
ClHoO,129,5.18,299
Cl6InK3,14,3.63,124
Cl6InNa3,163,3.78,191
Cl6InNa3,163,3.78,193
Cl15InNb6,51,0.01,293
Cl5In2Pr,62,2.78,110
Cl9In2Ta3,12,1.30,133
Cl7InY2,62,4.01,104
ClK3O,62,1.08,280
Cl5K2Sb,14,3.25,123
Cl6K2Sn,14,2.67,134
Cl6K2Sn,128,2.46,141
Cl6K2Sn,225,2.46,175
ClLaO,129,4.07,231
ClLi3O,221,4.68,681
Cl8Mo2O,13,0.92,172
Cl4MoO,2,1.72,197
Cl3MoO,14,2.45,190
ClNa3O,221,2.03,408
Cl5NaSn2,58,2.98,41
Cl3NbO,136,2.40,188
Cl3NbO,113,2.80,173
Cl5Nb3O2,58,0.90,240
ClNb3O7,62,2.02,479
Cl10NbP,2,2.27,43
ClNdO,129,4.77,272
ClOPr,129,4.70,272
Cl4ORb6,167,1.67,328
ClOSm,129,4.88,330
Cl6OSr4,186,4.56,312
ClOTm,166,4.53,242
ClOTm,166,4.53,237
ClOTm,129,5.09,326
ClOV,59,1.64,279
Cl4OW,79,2.34,241
Cl3OW,136,1.72,265
ClOY,166,4.27,263
ClOY,129,5.09,341
Cl6OYb4,186,5.18,245
Cl10PTa,2,2.33,27
Cl13PTi2,62,2.32,161
Cl9PTi,2,2.16,157
Cl6Rb2Sn,225,2.54,154
Cl6SnZr,7,2.23,105
Cs3F9Ga2,185,5.85,146
Cs3F7Ge,127,4.39,124
Cs2F6Ge,225,6.03,160
CsF4Sb,55,4.46,143
CsF6Sb,148,5.09,219
CsF7Sb2,15,4.11,122
CsF7Sb2,15,4.11,122
CsF11Sb2,14,4.42,144
CsF16Sb3,29,3.92,177
Cs3F7Si,127,5.63,123
Cs2F6Si,225,6.97,155
Cs2F6Sn,164,5.34,198
CsGaS2,15,3.05,177
CsGaS3,14,2.63,215
CsGa3S5,14,2.95,138
Cs2GeO3,14,3.06,138
Cs2Ge2S5,15,2.42,75
Cs3InO3,14,2.12,195
CsIn3O5,62,1.47,283
CsInS2,15,2.17,213
CsIn5S8,12,1.27,218
Cs3N11P6,213,4.09,446
CsN7P4,62,3.87,471
Cs3O3Sb,198,3.08,195
Cs4O5Sb2,8,2.57,224
CsO2Sb,15,2.38,288
Cs3O14Sb5,55,0.91,182
Cs10O9Si7,13,1.36,191
Cs2O3Si,14,3.42,141
Cs4O8Si3,2,3.66,148
Cs2O5Si2,14,4.24,118
Cs4O4Sn,14,2.34,223
Cs2O3Sn2,62,2.58,114
CsPS3,71,1.91,237
CsS2Sb,14,1.84,225
Cs2S7Sb4,14,1.62,116
CsS4Sb2,2,1.44,150
Cs4S23Sb14,2,1.37,236
CsS6Sb,14,1.78,192
CsS3Sn,2,1.65,223
Cs2S14Sn,14,1.47,139
Dy3GaO6,36,3.59,379
DyGaO3,62,3.64,416
Dy3Ga5O12,230,3.30,479
Dy2Ge2O7,227,2.97,472
DyInO3,185,1.99,329
DyO9P3,9,5.59,477
DyO14P5,62,5.44,489
DyO14P5,15,5.25,487
Dy2OS2,14,2.56,297
Dy2OS2,62,2.17,267
Dy2O2S,164,3.01,307
Dy3O12Sb5,217,3.16,384
Dy2O7Sn2,227,2.71,446
DyPS4,142,2.16,293
Dy4S12Si3,14,2.36,244
Er3F5O2,62,5.62,320
Er3GaO6,36,3.54,336
Er3Ga5O12,230,3.33,478
Er3GaS6,36,2.11,219
ErO14P5,62,5.44,513
ErO14P5,15,5.23,512
Er2OS2,14,2.65,287
Er2O2S,164,3.07,305
Er3O12Sb5,217,3.12,379
Er2O7Sn2,227,2.67,431
ErPS4,142,2.14,275
EuFO,166,0.00,388
EuF7Sn,4,0.04,254
EuF7Sn,14,0.01,193
EuGeS3,2,0.20,202
EuO14P5,14,0.09,429
EuPS3,14,0.74,252
Eu3S9Sb4,62,0.05,269
Eu2S4Si,11,0.38,265
Eu2S4Sn,62,0.02,266
Eu3S7Sn2,55,0.01,216
F4GaK,62,5.22,274
F6GaLi3,15,6.28,451
F14Ga3Na5,14,5.22,292
FGdO,166,3.30,352
F7GdSn,14,4.45,227
F6GeK2,186,5.89,264
F6GeK2,164,5.80,255
F6GeLi2,136,5.74,418
F6GeLi2,150,6.05,409
F6GeNa2,150,5.79,293
F6GeNa2,164,5.60,271
F6GeRb2,186,5.88,216
F6GeRb2,164,5.80,213
F6GeRb2,225,5.97,195
F7In2K,11,3.90,115
F4InLi,60,4.01,415
F11In3Rb2,11,4.07,96
F10In3Rb,17,3.44,153
F7InSr2,14,4.95,215
F15InZr3,167,5.41,285
F6KP,205,7.22,251
F6KP,148,7.02,319
F13KSb4,87,4.74,124
F13KSb4,82,4.66,136
F7KSb2,14,4.16,53
F6KSb,206,4.96,178
F4KSb,59,4.43,143
F5K2Sb,63,4.68,243
F5K2Sb,4,4.36,193
F5K2Sb,14,4.74,113
F5K2Sb,14,4.74,199
F6K2Si,186,7.19,245
F6K2Si,225,7.22,228
F7K3Si,127,5.92,196
F5KSn2,143,0.46,130
F3KSn,2,3.51,167
FLaO,166,4.23,281
FLaO,129,4.57,295
F7LaSn,14,5.20,156
F6LiP,148,7.54,424
F6LiSb,148,4.93,308
F5Lu3O2,62,5.64,334
F4MoO,14,4.17,366
F6NaP,225,7.01,338
F6NaP,225,7.01,338
F10NaSb3,173,4.97,153
F6NaSb,225,4.89,267
F18Na3Sb5,14,4.38,153
F4NaSb,14,4.33,234
F4NaSb,14,4.33,235
F5Na2Sb,19,4.82,266
F6Na2Si,164,6.87,324
F6Na2Si,150,6.99,268
F6Na2Si,164,6.87,232
F5NaSn2,133,3.78,72
F6Na2Sn,136,4.96,307
FNb3O7,65,1.49,380
F10NbSb,2,4.35,150
FNdO,166,4.50,301
FNdO,166,4.50,301
FOPr,166,4.44,299
FOSc,14,4.59,582
FOSm,166,4.66,348
FO7Ta3,65,2.22,330
FOTb,166,4.93,347
F3OV,14,3.65,489
F4OW,12,3.10,415
F9O6Y7,39,2.72,438
FOY,166,4.93,441
FOY,129,4.95,430
F7RbSb2,14,4.27,38
F6RbSb,148,4.88,227
F6Rb2Si,225,6.99,186
F7Rb3Si,127,5.66,142
F5SbSr,57,4.76,244
F7SmSn,14,4.95,238
F16Sn6Ti,15,2.70,238
F7SnY,4,4.75,276
F7SnY,14,4.90,225
Ga5Gd3O12,230,3.26,489
GaGdO3,62,3.40,490
GaGd3O6,36,2.97,351
Ga5Ho3O12,230,3.33,477
GaHoO3,185,2.87,342
GaHoO3,62,3.61,445
GaHo3O6,36,3.56,380
GaKO2,61,3.05,303
GaK3O3,12,2.62,300
GaK3S3,14,2.71,204
GaLa2N3,15,1.81,336
GaLaO3,167,3.38,449
GaLaO3,62,3.58,435
Ga2La4O9,14,3.89,328
GaLaS3,14,2.22,247
GaLi3N2,206,2.38,680
GaLiO2,33,3.20,468
GaLiO2,166,3.74,655
GaLi5O4,61,3.76,485
GaLiS2,33,2.96,284
Ga5Lu3O12,230,2.35,456
Ga2MgO4,227,3.11,557
Ga2MgS4,15,1.97,238
GaMo4S8,160,0.18,468
Ga3N5Sr3,2,1.36,441
Ga2N4Sr3,52,1.59,406
GaN3Sr3,176,0.57,384
GaN5Sr6,193,0.31,339
GaNaO2,33,2.86,423
GaNaO2,61,2.79,351
Ga2Na8O7,14,2.26,429
GaNa5O4,61,2.20,364
Ga2Na4S5,14,2.48,280
GaNa3S3,14,2.61,276
GaNa3S3,14,2.61,271
Ga5Nd3O12,230,3.06,484
GaNdO3,62,3.45,486
Ga2Nd4O9,14,3.60,363
GaNd3O6,36,3.65,370
GaO3Pr,62,3.39,508
Ga2O9Pr4,14,3.61,351
GaO3Rb3,12,2.42,233
GaO4Rb5,61,1.84,262
Ga5O12Sm3,230,3.16,397
GaO6Sm3,36,3.62,342
Ga4O7Sr,15,2.43,452
Ga2O4Sr,14,3.07,406
Ga2O4Sr,14,3.07,404
Ga4O9Sr3,2,2.89,365
Ga6O14Sr5,14,2.91,350
Ga2O5Sr2,61,2.95,367
Ga2O6Sr3,205,3.53,371
Ga6O19Sr10,15,3.01,306
Ga5O12Tb3,230,3.28,448
GaO3Tb,62,3.64,493
GaO6Tb3,36,3.61,357
Ga4O8Ti,12,2.36,436
Ga2O5Ti,63,2.78,473
Ga5O12Y3,230,3.35,477
GaO3Y,185,2.90,452
GaO6Y3,36,3.68,449
Ga5O12Yb3,230,3.97,398
Ga3RbS5,14,2.52,169
GaRbS2,15,2.47,240
Ga2S4Sr,70,2.96,322
Ga2S5Sr2,61,2.52,332
Ga2S4Yb,70,2.87,327
GdO9P3,20,2.94,527
GdO9P3,15,3.45,469
GdO14P5,14,3.17,532
Gd10OS14,142,1.34,215
Gd2OS2,14,1.82,266
Gd2O2S,164,2.02,298
Gd3O7Sb,20,2.48,384
Gd3O12Sb5,217,2.71,367
Gd2O7Sn2,227,2.62,455
Gd2S5Sn,55,0.06,288
Ge2Ho2O7,227,3.00,473
Ge8K2O17,62,2.90,333
Ge9K4O20,88,3.07,336
Ge4K2O9,165,3.01,298
Ge2K2S5,15,2.32,104
GeK3S3,12,2.40,196
GeK4S4,218,2.71,222
Ge3La2O9,2,3.08,417
Ge2La2O7,1,3.71,369
Ge3La4S12,161,1.94,295
GeLa2S5,14,1.97,162
Ge7Li2O15,60,3.09,350
Ge7Li2O15,60,3.09,350
Ge9Li4O20,5,2.94,401
Ge4Li2O9,29,2.74,362
Ge5Li4O12,2,2.93,426
GeLi2O3,36,3.57,520
GeLi8O6,185,3.49,484
GeLi4S4,62,2.48,334
GeLi4S4,62,2.48,333
GeLi4S4,62,2.48,333
Ge4Lu6O17,13,3.74,345
GeMgN2,33,2.64,623
GeMgO3,63,2.47,676
GeMgO3,148,3.65,589
GeMgO3,61,2.90,454
GeMgO3,15,2.53,475
GeMg2O4,227,3.07,698
Ge5Mg14O24,55,3.45,528
GeMg2S4,62,2.31,318
Ge2N3Na,36,2.33,485
Ge4N6Sr11,125,0.18,317
GeN2Sr2,135,0.05,374
Ge2N6Sr5,15,1.35,410
GeN6Sr7,60,1.13,367
Ge4Na2O9,165,2.87,317
Ge2Na2O5,14,2.96,301
GeNa2O3,36,2.99,414
GeNa2O3,36,2.99,412
Ge2Na2S5,63,2.51,131
GeNa2S3,14,2.45,234
Ge2Na6S7,15,2.43,299
Ge3Nd4S12,161,2.00,350
Ge4O9Rb2,165,2.88,288
GeO3Rb2,14,3.01,175
Ge2O7Sc2,227,3.69,589
GeOSr3,62,0.34,315
Ge4O9Sr,150,3.06,425
GeO3Sr,15,3.41,342
GeO3Sr,2,3.34,344
Ge2O7Y2,227,2.95,529
Ge3Pr4S12,161,2.00,357
Ge2Rb2S5,15,2.34,105
GeRb2S3,12,2.32,154
GeS4Sr2,11,2.32,269
HfOS,198,2.87,365
HfP2S6,43,2.32,117
HfS3Sn,62,1.20,212
Ho3InN,221,0.11,251
HoInO3,185,1.97,332
HoO14P5,62,5.46,492
HoO14P5,15,5.23,490
Ho2O2S,164,3.03,309
Ho3O12Sb5,217,3.13,381
Ho2O7Sn2,227,2.69,446
HoPS4,142,2.15,291
InKO2,166,2.08,488
In4K14O13,14,1.84,366
InK5O4,2,2.23,317
In5KS8,12,1.26,204
In5KS8,12,1.26,204
InKS2,15,2.39,228
InKS2,15,2.39,229
InLaO3,62,2.75,394
InLa3S6,18,1.12,233
InLiO2,141,1.81,561
InLiO2,141,1.81,560
In2MgO4,227,1.84,444
In2MgS4,227,1.76,233
InNSm3,221,0.20,400
In8N7Sr19,225,0.06,322
InNaO2,166,1.91,527
InNa5O4,61,1.72,320
InNa5O4,59,1.77,364
InNaS2,166,1.84,341
InNa3S3,15,2.27,210
InNa5S4,11,2.46,284
InNbO4,13,3.02,448
In4O7Rb2,162,1.45,326
In2O4Sr,62,1.81,409
In2O5Sr2,46,1.00,386
InO4Ta,13,3.57,424
In2O5Ti,62,1.97,365
In2O5V,62,0.51,372
In6O12W,148,2.39,290
InO3Y,185,2.05,393
In5RbS8,12,1.26,229
In3RbS5,10,1.17,136
InRbS2,15,2.10,232
In2Rb4S5,2,2.09,211
InRb3S3,12,2.26,179
InS6Sm3,58,0.99,299
In2S4Sr,70,2.26,250
In5S12Tb3,11,1.34,215
K3N11P6,213,4.00,473
KN7P4,62,3.75,491
KO3P,14,5.34,427
KO3P,14,5.34,438
KO3P,62,4.82,477
KO3P,14,5.34,409
K2O16S5,60,4.55,454
K4O3Sb2,186,1.24,227
K3O3Sb,198,3.23,270
K3O4Sb,13,1.83,389
KO2Sb,15,2.01,354
KO3Sb,148,2.67,451
KO3Sb,201,1.79,387
K3O14Sb5,55,1.20,204
K3O14Sb5,32,1.20,219
KO5Sb3,14,3.11,129
K2O11Sb4,12,1.85,207
K2O3Si,14,3.74,251
K2O5Si2,9,4.33,287
K2O9Si4,176,4.62,420
K2O9Si4,2,4.45,334
K4O3Sn,61,2.11,237
K4O4Sn,2,2.34,271
K2O3Sn,62,2.12,311
K2O3Sn2,166,1.23,249
K2O3Sn2,199,1.31,231
K3PS4,62,2.77,208
KPS3,71,1.70,305
K3S4Sb,217,2.13,255
K3S4Sb,36,2.17,231
KS2Sb,15,1.60,237
K2S7Sb4,15,1.54,96
KS8Sb5,7,1.56,129
K2S5Sn2,15,1.40,129
KS4Sn,14,1.45,116
La5N9Si3,64,1.97,470
La3N11Si6,100,2.97,607
LaN5Si3,19,3.19,594
LaO9P3,20,4.63,485
LaO14P5,14,5.03,510
La10OS14,142,1.94,201
La2O2S,164,3.06,210
LaOS,64,1.52,254
LaOS,57,1.53,261
LaO9Sb3,63,1.49,419
LaO12Sb5,166,3.05,451
La2O7Sn2,227,2.66,412
LaPS4,142,2.43,186
La2S5Si,14,2.34,156
Li7N4P,218,3.47,643
LiN2P,122,3.80,766
Li2N2Si,61,3.85,757
LiN3Si2,36,5.01,823
LiN3Si2,36,5.01,824
LiO3P,13,5.58,440
LiO3P,14,5.56,496
Li7O6Sb,146,3.50,482
Li5O5Sb,12,2.91,527
Li3O4Sb,13,3.06,567
LiO3Sb,52,2.14,440
LiO8Sb3,14,0.97,213
Li8O6Si,185,4.45,479
Li2O3Si,36,5.08,632
Li2O3Si,36,5.08,632
Li2O5Si2,60,5.24,522
Li2O5Si2,37,5.15,525
Li2O7Si3,57,5.23,443
Li8O6Sn,148,3.81,463
Li2O3Sn,15,3.13,535
Li3PS4,62,2.95,305
Li7P3S11,2,2.41,278
LiS2Sb,148,1.18,258
LuO9P3,148,5.67,468
LuO9P3,9,5.79,491
LuO9P3,9,5.79,464
LuO14P5,15,5.45,532
Lu2O2S,164,3.09,302
Lu3O12Sb5,217,3.11,339
Lu2O7Sn2,227,2.61,417
LuPS4,14,2.25,191
Mg2N3P,36,3.54,857
Mg2N3P,36,3.54,856
MgN2Si,33,3.97,865
MgO6P2,15,5.53,412
MgO11P4,14,5.11,413
MgO4Sb2,135,2.55,284
MgO6Sb2,136,1.04,334
Mg14O24Si5,55,4.68,440
MgO3Si,63,4.64,812
MgO3Si,148,5.79,704
MgO3Si,88,4.77,622
MgO3Si,61,3.74,522
MgO3Si,60,4.61,531
MgO3Si,60,4.61,531
MgO3Si,14,4.22,518
MgO3Si,15,4.71,559
MgO3Si,62,5.42,706
MgO3Si,15,4.71,596
Mg2O4Sn,227,1.90,619
MgPS3,12,2.80,306
MoO9P3,9,4.21,396
Mo10O31Sb2,28,0.00,427
MoO6Sb2,2,1.40,276
MoO6Sb2,2,1.40,302
Mo4O6Sn,127,0.02,497
Mo5O8Sn,14,0.97,471
MoSSb2,12,0.01,283
N7NaP4,15,4.21,492
N11Na3P6,198,3.82,482
N2NaP,122,4.68,682
N3NaSi2,36,4.18,723
NNaSn,186,0.92,383
NNbO,14,1.55,626
NOTa,14,1.93,533
NOTa,12,2.24,450
NOTa,12,2.24,450
NOTa,14,1.93,533
N2O5Zr4,108,2.28,475
N11P6Rb3,213,3.92,463
N7P4Rb,62,3.69,485
N4P2Sr,173,4.26,560
N11Pr3Si6,100,2.99,616
N11Si6Sm3,100,3.01,630
N2SiSr,14,2.97,463
N8Si5Sr2,31,3.20,717
N10Si7Sr,7,4.28,787
N8Si6Sr,44,3.21,787
Na5O10P3,15,4.53,453
Na5O10P3,15,4.53,453
NaO3P,88,4.74,540
NaO3P,62,5.08,477
NaO3P,14,4.97,523
NaO3P,2,5.12,530
NaO3P,14,4.97,491
NaO3P,14,4.97,519
Na3O3Sb,217,3.09,382
Na3O4Sb,13,2.12,461
NaO3Sb,148,2.70,352
NaO3Sb,62,1.27,495
NaO3Sb,227,1.49,478
Na2O7Sb4,15,3.06,176
NaO8Sb5,2,2.68,150
Na2O3Si,36,3.87,466
Na2O3Si,36,3.87,472
Na2O5Si2,33,4.46,368
Na2O5Si2,14,4.45,339
Na2O5Si2,33,4.46,355
Na2O5Si2,14,4.45,352
Na2O5Si2,88,3.89,364
Na2O5Si2,60,4.43,359
Na2O5Si2,29,4.42,392
Na2O5Si2,14,4.45,323
Na6O19Si8,14,4.53,355
Na2O7Si3,15,4.68,338
Na2O7Si3,14,4.30,330
Na2O9Si4,14,4.47,356
Na4O3Sn,9,1.89,328
Na4O4Sn,2,2.08,372
Na2O3Sn,15,2.51,470
Na4O8Sn3,213,2.38,366
Na3PS4,114,2.28,315
Na3S4Sb,217,1.91,306
NaS2Sb,12,0.45,220
NaS2Sb,15,0.88,231
Na2S5Si2,63,3.53,173
Na4S4Sn,114,2.07,270
Na6S7Sn2,15,2.08,232
Na4S8Sn3,15,1.65,160
Nb9O25P,82,2.11,465
Nb2O15P4,1,3.28,443
NbO4Sb,52,2.35,396
NbO4Sb,33,2.43,356
Nb2O7Sn2,227,0.86,432
Nb2PS10,18,1.37,202
NbP2S8,118,1.44,229
NbP2S8,64,1.28,210
NdO9P3,20,5.48,452
NdO14P5,53,5.39,460
NdO14P5,14,5.39,460
Nd10OS14,142,1.84,217
Nd2O2S,164,2.86,270
Nd3O7Sb,63,2.74,386
Nd3O7Sb,63,2.74,386
NdO4Sb,14,2.41,431
Nd3O12Sb5,217,3.15,338
Nd2O7Sn2,227,2.66,448
NdPS4,142,2.25,307
Nd6S17Si4,2,2.52,301
O9P3Pr,20,5.48,456
O14P5Pr,14,5.39,457
O3PRb,63,4.52,417
O3PRb,14,4.85,414
O3PRb,14,4.85,349
O3PRb,62,4.76,395
O9P3Sc,9,5.06,514
O9P3Sc,9,5.06,489
O9P3Sc,220,5.15,492
O14P5Sm,14,5.38,424
O13P4Sr3,2,5.21,395
O6P2Sr,4,5.81,336
O6P2Sr,14,5.42,370
O6P2Sr,14,5.42,335
O17P6Sr2,4,5.33,432
OP2Sr4,139,1.21,253
O14P5Tb,14,5.36,511
O9P3Ti,9,0.03,443
O14P5Tm,15,5.23,442
O9P3V,9,2.26,482
O9P3V,9,2.26,464
O19P2W5,14,0.01,374
O13P4Y2,20,5.64,530
O9P3Y,14,5.80,436
O9P3Y,148,5.69,466
O9P3Y,11,5.76,483
O9P3Y,9,5.62,495
O14P5Y,62,5.48,517
O14P5Y,15,5.25,513
O9P3Yb,14,5.77,350
O9P3Yb,148,5.84,366
O12P4Zr,29,4.15,442
O2Pr2S,164,2.86,275
OPr10S14,142,1.84,227
O4PrSb,14,2.20,394
O4PrSb,14,2.20,434
O12Pr3Sb5,217,3.17,340
O7Pr3Sb,63,2.72,391
O7Pr2Sn2,227,2.64,449
O13Rb2Sb8,11,2.33,161
O11Rb2Sb4,12,1.82,196
O14Rb3Sb5,55,1.17,192
O2RbSb,15,2.25,325
O23Rb6Si10,38,4.31,360
O23Rb6Si10,38,4.31,361
O23Rb6Si10,189,4.02,366
O5Rb2Si2,15,4.04,210
O17Rb10Si6,61,3.47,274
O3Rb2Si,14,3.43,181
O17Rb14Si10,14,1.49,261
O3Rb2Sn2,166,1.23,226
O4Rb4Sn,2,2.16,249
O2Rb2Sn,19,2.23,196
O2SSc2,194,2.01,618
O2SSm2,164,2.90,312
OS2Sm2,14,2.41,334
OS14Sm10,142,1.85,259
O2STb2,164,2.98,302
OS2Tb2,14,2.51,275
O2STm2,164,3.10,314
OS2Tm2,14,2.69,346
O2SY2,164,2.99,399
OS2Y2,14,2.55,304
OS2Yb2,14,0.70,366
OSZr,198,2.42,435
OSZr,129,0.79,481
O4SbSm,14,2.47,417
O3SbSm3,12,0.00,315
O12Sb5Sm3,217,3.13,307
O7Sb2Sr2,74,1.36,313
O6Sb2Sr,162,2.78,328
OSb2Sr4,139,0.98,275
O7SbTb3,63,2.96,392
O7SbTb3,20,2.76,387
O12Sb5Tm3,217,3.11,293
O7SbY3,63,2.80,486
O7Sc2Si2,227,3.76,645
O3SiSr,15,4.63,362
O3SiSr,14,4.60,383
O3SiSr,221,2.38,709
O3SiSr,2,4.38,380
O5Si2Sr,64,4.06,498
OSiSr3,62,0.43,348
O7Sm2Sn2,227,2.70,385
O4SnSr2,138,2.65,402
O4SnSr2,139,2.57,444
O4SnSr2,64,2.70,411
O7Sn2Sr3,63,2.16,321
O3SnSr,140,1.56,523
O3SnSr,62,1.74,499
O3SnSr,221,0.97,568
O3SnSr,74,1.61,517
O7SnTa2,15,1.48,373
O6SnTa2,9,2.29,353
O7Sn2Ta2,227,1.49,396
O7Sn2Tb2,227,2.72,472
O4Sn2Ti,135,1.08,378
O7Sn2Tm2,227,2.65,351
O23Sn5W8,176,1.71,358
O22Sn5W8,176,1.72,358
O4SnW,52,0.92,422
O4SnW,198,3.84,390
O5Sn2W,14,2.49,314
O6Sn3W,15,2.20,280
O7Sn2Y2,227,2.75,479
PPrS4,142,2.28,313
PRbS3,71,1.83,256
PRb3S4,62,2.74,193
PS4Sc,2,1.94,182
PS4Sm,142,2.21,251
PS3Sr,14,3.11,290
PS6Ta,142,0.87,235
PS4Tb,142,2.17,274
P2S6Ti,43,1.39,223
P4S13V2,2,0.15,389
PS10V2,14,1.11,337
PS4Y,142,2.13,212
P2S6Zr,84,1.53,178
Pr8S15Sb2,110,1.89,239
Pr6S17Si4,2,2.54,317
Rb3S4Sb,62,2.02,210
Rb2S7Sb4,14,1.22,111
Rb2S7Sb4,2,1.83,99
Rb2S3Si,12,2.82,166
Rb4S4Sn,218,2.41,243
Rb6S7Sn2,19,2.12,251
RbS4Sn,60,1.33,266
RbS4Sn,14,1.46,132
S17Sb6Sr6,19,1.74,307
S9Sb4Sr3,33,1.04,256
S17Si4Sm6,2,2.48,266
S12Si3Tb4,14,2.37,269
S5Sm2Sn,55,0.00,265
S4SnSr2,40,2.47,284
S5SnTb2,55,0.13,283
S3SnZr,62,0.99,226
AlB3CaO7,67,5.38,732
Al2B2Cs2O7,14,4.24,218
Al2B2K2O7,150,4.59,393
AlB8K3O15,14,5.00,635
AlBLi2O4,14,4.86,622
AlB2LiO5,15,5.41,530
AlB5Li2O10,14,5.63,698
AlBMgO4,62,6.01,696
Al2B2O7Sr,155,4.65,523
AlBaCaF7,13,7.00,310
AlBaF6Li,14,7.70,243
AlBaF6Na,33,6.98,172
AlBa2InO5,194,2.02,351
AlBaLaO4,19,4.43,388
AlBa2NdO5,4,3.69,382
Al2BaO7Sb2,155,3.41,388
Al2Ba7O19Sc6,194,2.48,388
Al2BaO8Si2,14,4.82,442
Al3C2O5Sc3,194,0.41,749
AlCOSc,166,0.38,828
Al2CaF9K,20,7.14,153
AlCaF6Li,163,7.64,394
AlCaF6Na,150,7.11,308
AlCaF6Na,14,6.91,211
Al2Ca3F14Na2,199,7.14,249
AlCaLiN2,14,2.78,642
Al2Ca5N8Si2,60,2.79,676
Al6Ca4O12S,217,3.73,709
Al12CaO27Si4,147,5.24,723
Al2CaO8Si2,2,4.99,538
Al2Ca2O7Si,113,4.28,618
AlCaO5Ta,14,3.93,478
AlCaO5Ta,15,3.90,483
AlCe3MgS7,173,0.04,314
Al2ClF25Sr10,227,6.42,257
Al2Cl2O5Sr3,19,4.22,362
Al3Cs2F12Li,166,7.09,195
Al3Cs2F12Na,166,6.92,183
AlCs2F6Na,166,6.70,179
AlCs3Ge2O7,15,3.65,178
Al3CsO20P6,41,5.67,511
AlCs2O10P3,14,4.91,347
Al2Cs2O7Sb2,164,3.64,311
AlF6K2Li,225,7.44,348
AlF6K2Li,166,7.22,311
Al3F12K2Na,11,6.83,142
AlF6K2Na,225,6.86,290
Al2F2K2O3,12,4.02,425
AlF6LiNa2,14,7.21,374
Al2F12Li3Na3,230,7.09,240
AlF6LiSr,14,7.18,376
AlF6LiSr,163,7.32,385
AlF6LiYb,163,7.69,357
AlF7MgNa2,46,6.67,418
AlF7MgNa2,74,6.66,398
Al6F21NaRb2,5,7.00,245
Al3F12NaRb2,11,7.15,144
Al5F26Na3Sr4,86,6.92,300
Al6F34Na2Sr7,12,6.95,302
AlF6NaSr,33,6.98,294
AlFO4Sr3,140,4.04,442
Al2Gd2O7Sr,139,2.63,554
AlGe2LiO6,14,3.38,373
AlGeO5Y,55,3.81,586
AlKLi4O4,14,3.97,576
AlKO12P4,12,5.18,433
Al2K2O7Sb2,164,3.50,370
AlKO8Si3,2,4.93,400
Al4La17N33Si9,216,1.88,572
Al15La3O37Ti5,9,1.40,714
AlLa3S7V,173,0.08,310
AlLiO12P4,60,5.74,432
AlLiO6Si2,15,5.37,471
AlLiO6Si2,14,5.30,483
AlLiO10Si4,13,5.32,375
Al4Mg2O18Si5,66,4.82,526
AlMoO7V,62,2.33,521
AlNNd2O3,107,1.06,431
AlNO3Pr2,107,1.61,418
AlNO3Sm2,107,1.81,456
AlN7Si4Sr,33,3.58,735
Al2Na3Nb34O64,148,0.02,698
AlNa3O23P8,213,5.24,443
AlNaO6Si2,15,5.23,444
AlNaO8Si3,2,0.35,359
Al5NaO12Ti2,55,2.72,567
Al2Nb35O70Rb4,147,0.01,770
AlNbO8Sr4,14,2.95,303
Al3O20P6Rb,20,5.44,513
Al2O7Rb2Sb2,164,3.59,347
AlO4RbSi,33,4.38,381
Al6O12SSr4,217,3.34,601
Al3O12Sc2Y3,230,4.27,695
Al4O15Sr6Y2,5,3.99,464
B4BaBi2O10,14,3.35,423
BBaBiS4,12,1.93,170
B6Ba2CaO12,148,4.96,638
BBa2ClN2,214,2.75,340
B5Ba2ClO9,34,5.24,547
BBa2Cl17Zr6,87,1.09,359
B3BaCsO6,150,4.04,375
B5Ba8FN10,2,2.22,279
BBaF3O,62,5.89,382
B4Ba5F2O10,15,4.51,239
B2BaGa2O7,63,3.98,388
B9Ba3InO18,176,4.72,645
B5BaKO9,14,4.87,584
B9BaLiO15,161,5.67,749
B9BaLiO15,167,5.67,748
B5Ba2LiO10,11,4.95,524
B3BaLiS6,9,2.86,291
BBaLiS3,14,2.15,169
B9Ba3LuO18,176,5.25,567
B6Ba2MgO12,148,5.21,623
B3Ba4N6Na,229,2.04,366
B2Ba4N4O,64,2.80,322
B9BaNaO15,161,5.50,729
B5BaNaO9,14,5.01,586
B9Ba3O18Sc,176,5.28,553
B4Ba2O11Sc2,15,3.35,442
B6Ba3O16Si2,2,5.40,577
B9Ba3O18Y,176,5.19,553
B6Ba3O15Y2,206,4.52,447
BBaS4Sb,62,2.34,201
B4Bi2O10Sr,2,3.65,435
B3Br5C6Ce9,59,0.00,339
B5BrCa2O9,34,5.20,731
B5BrEu2O9,34,0.88,538
B6BrK3O10,160,5.21,699
BBr20K8Zr6,225,0.08,344
B2C4Ca9Cl8,63,1.37,405
BC4Ca5Cl3,63,0.73,537
BCa2ClN2,62,3.33,447
BCa2FN2,62,2.93,531
B6Ca10Ge16O51,32,3.10,478
B10CaLa2O19,5,4.54,669
B3Ca4LiN6,229,2.19,745
B2CaMgO5,14,5.31,584
B5CaNa3O10,2,4.43,580
B2Ca2O7Si,113,5.74,655
B2CeClO4,2,0.20,399
B2Ce6Ge9O30,14,0.04,569
BCl20Cs3Zr7,167,1.20,333
B2Cl2Er2O5,55,5.08,208
B5ClEu2O9,34,0.87,552
B2ClLaO4,2,4.15,378
B14Cl2Li10O25,196,6.43,948
BClMg2N2,61,3.67,537
B7ClMg3O13,219,6.01,861
B7ClMg3O13,29,5.93,835
BClN2Sr2,62,2.75,276
B2ClO4Pr,2,5.07,389
B5ClO9Sr2,34,5.34,646
B3CsGeO7,33,4.60,329
B6CsLiO10,122,5.08,618
B5Cs2Li3O10,20,4.53,523
B7Cs3Li4O14,152,4.52,545
BCsLi2S3,62,3.09,176
B10Cs2Na2O17,15,4.71,638
B2CsNbO6,31,3.30,261
B2CsO6Ta,31,3.40,300
B6FLiO9,33,6.46,828
BFN2Sr2,62,2.57,323
B4GaNa3O9,11,4.37,555
B2Ga2O7Sr,63,3.97,465
B5GdMgO10,14,3.02,567
BGe2KO6,19,3.50,265
B4GeO9Rb2,4,4.08,354
B6Ge3O17Rb4,9,3.86,319
B2InLi3O6,14,3.43,512
B4KLiO7,19,5.08,635
BKN2Na2,139,1.82,615
B9K2NaO15,14,5.30,694
BKO6Si2,19,5.32,385
B5KO9Sr,14,5.14,665
B2KO6Ta,31,3.61,353
B2K3O12Ta3,189,2.67,431
B5LaMgO10,14,4.74,609
BLaMoO6,14,3.55,309
BLa3N2O3,62,1.21,332
BLa6N3O6,63,1.10,298
B3LiN6Sr4,229,2.07,546
B4LiNaO7,43,5.80,695
B4LiO7Rb,19,4.87,571
B11Li6O22Rb5,5,4.36,617
B7Li5O14Rb2,40,4.59,703
BLiO6Si2,4,5.59,354
B9LiO15Sr,161,5.65,807
B12Li2O23Sr4,14,4.70,718
B3LiS6Sr,9,2.91,392
BLiS3Sr,62,2.39,257
B5MgNa3O10,61,4.70,589
B2MgO5Sr,14,4.70,538
B3N6NaSr4,229,1.97,505
BNOSr,14,3.40,526
B5Na3O8S,14,3.87,794
B2NaO5Sc,14,4.92,493
BNaO8Si3,2,5.28,347
B5NaO9Sr,14,5.23,682
B5Na3O10Sr,2,4.56,652
B2NbO6Rb,7,3.38,283
B4O11Sc2Sr2,2,4.34,515
Ba3BiCl3O3,62,3.93,206
BaBiClO2,63,3.18,328
Ba2BiDyO6,225,1.72,410
Ba2BiInS5,36,1.45,294
Ba4Bi3KO,140,0.73,144
BaBi2LaS6,14,0.67,76
Ba3BiNaO6,167,1.93,354
Ba4Bi3NaO12,229,0.27,316
BaBi2Nb2O9,36,2.22,327
Ba2BiNdO6,12,1.67,373
Ba2BiO6Sb,225,1.64,353
Ba2BiO6Sb,12,1.70,319
Ba2BiO6Sb,148,1.78,340
Ba2BiO6Ta,225,2.68,406
Ba2BiO6Ta,12,2.54,350
Ba2BiO6Ta,148,2.59,383
BaBi2O9Ta2,139,1.92,403
Ba2BiO6Tb,12,1.72,379
Ba2BiO6Y,225,1.82,384
Ba2BrInO3,129,1.83,324
Ba3Br2In2O5,139,1.29,291
BaCaF7Ga,13,5.85,325
BaCaGa4O8,44,3.06,527
BaCa2N12P6,205,4.07,590
Ba3Ca2N6Si2,15,1.55,416
BaCaO12P4,14,5.52,467
Ba3CaO9Sb2,15,3.16,317
BaCa2O9Si3,2,4.57,469
Ba8Ce3O24Sb4,139,1.88,334
Ba2ClInO3,129,1.91,338
Ba3Cl2In2O5,139,1.43,309
BaClO2Sb,63,2.88,323
BaCs4O18P6,159,5.11,424
Ba2DyO6Sb,225,3.47,437
Ba3Dy2P4S16,60,2.37,353
Ba6Er2Ga4O15,13,3.53,340
Ba2ErO6Sb,225,3.38,440
Ba3Er2P4S16,60,2.38,342
Ba2EuO6Sb,225,0.00,425
Ba2FInO3,129,2.05,356
Ba3F2In2O5,139,1.59,335
Ba2F2S3Sn,62,2.31,216
Ba3Ga2Ge4O14,150,2.25,413
BaGaLaO4,19,3.95,374
Ba4GaN3O,61,1.18,318
BaGaNdO4,19,3.73,414
Ba2GdO6Sb,225,0.12,440
Ba3Gd2P4S16,60,1.45,327
BaGe3K4O9,5,3.23,269
BaGe8K2O18,165,3.00,425
Ba3GeMgN4,52,1.29,347
BaGe3O9Sn,188,2.77,423
Ba2HoO6Sb,225,3.42,438
Ba3Ho2P4S16,60,2.38,351
BaIn2La2O7,136,2.46,370
Ba2InNbO6,225,3.35,422
Ba2KO15P5,7,5.14,464
Ba4KOSb3,140,1.02,181
BaK4O9Si3,40,4.23,361
BaKPS4,62,2.39,156
Ba2LaO6Sb,148,3.96,360
Ba2LaO6Sb,14,3.84,322
Ba2Li3O21P7,14,5.45,466
Ba4LiO12Sb3,229,1.45,268
Ba2LuO6Sb,225,0.02,425
Ba4MgN6Si2,70,1.59,364
Ba3MgO9Sb2,194,2.65,286
Ba2N23Nd7Si11,65,0.62,651
Ba3N8O6P6,147,4.55,568
Ba3N2O12Si6,147,4.63,304
Ba3N4O9Si6,143,4.37,405
BaN2O2Si2,60,3.01,423
BaN8OSi6,44,4.23,862
BaN12P6Sr2,205,4.15,567
BaN7Si4Y,186,2.73,660
BaNaO9P3,19,5.31,377
Ba4NaO12Sb3,229,1.52,247
BaNa2O6Si2,4,4.17,339
Ba6Nb14O47Si4,185,0.04,678
Ba2NdO6Sb,225,3.66,440
Ba2NdO6Sb,148,3.73,424
Ba2Nd2O13Si4,2,5.05,423
Ba2O6PrSb,225,3.68,435
Ba2O6PrSb,148,3.77,419
Ba4ORbSb3,140,0.94,187
Ba2O6SbSm,225,3.61,427
Ba3O9Sb2Sr,2,3.14,291
Ba2O6SbTb,225,3.51,440
Ba2O6SbY,225,3.54,411
BaO9Si3Sn,188,3.72,477
BaO9Si3Ti,188,3.06,422
BaO10Si3Y2,11,4.81,476
Ba3P4S16Tb2,60,2.37,336
Bi2BrDyO4,123,1.33,297
Bi2BrErO4,123,1.35,280
Bi2BrGdO4,123,0.99,290
Bi2BrHoO4,123,1.37,296
Bi6BrKO9,230,2.33,241
Bi2BrLuO4,123,1.40,267
Bi2BrNdO4,123,1.22,303
Bi2BrO4Pr,123,1.23,312
Bi2BrO4Sm,123,1.28,322
BiBrO2Sr,63,3.16,356
Bi4Br7O2Ta2,128,0.06,140
Bi2BrO4Tb,123,1.29,299
Bi2BrO4Tm,123,1.35,295
Bi2BrO4Y,123,1.34,269
BiCaClO2,11,3.62,362
BiCa2Na3O6,70,1.75,471
Bi2CaO9Ta2,36,3.21,381
BiCl6CsK2,15,3.92,77
Bi2ClDyO4,123,1.36,306
Bi2ClErO4,123,1.85,290
Bi2ClGdO4,123,0.85,301
Bi2ClHoO4,123,1.37,306
Bi6ClKO9,230,2.35,243
Bi2ClLuO4,123,1.46,280
Bi2ClNdO4,123,1.18,312
Bi2ClO4Pr,123,1.12,321
Bi2ClO4Sm,123,1.68,329
BiClO2Sr,63,3.30,370
BiCl3O3Sr3,62,4.00,262
Bi4ClO8Ta,123,1.01,232
Bi2ClO4Tb,123,1.34,309
Bi2ClO4Tm,123,1.41,304
Bi2ClO4Y,123,1.31,282
BiCs2F6K,225,4.95,194
BiCs2F6Na,225,5.02,222
BiCs2F6Rb,225,4.77,186
BiCsGeS4,14,2.01,140
BiCsNb2O7,26,2.48,367
BiCsS4Si,14,2.59,145
BiF6KRb2,225,4.80,203
BiF6NaRb2,225,4.92,233
BiGeKS4,14,2.00,113
BiGeRbS4,14,1.98,128
BiKLi6O6,166,1.42,574
BiKO12P4,14,4.89,424
BiKO8W2,15,2.71,430
BiKP2S6,4,2.22,235
BiKP2S7,14,2.44,263
BiK3P2S8,19,2.09,256
BiK9P4S16,18,2.06,359
BiKS4Si,14,2.05,122
Bi4LiNb3O14,15,2.74,285
BiLuO6Sr2,14,1.91,395
BiMg2O6P,63,3.78,322
BiMg2O6V,63,3.36,389
BiNaO12P4,14,4.63,430
Bi2NaO11Sb3,201,2.41,273
BiNaO6Sr3,167,1.73,428
Bi3NaO10V2,1,2.70,219
Bi2Nb2O9Sr,36,2.46,403
BiNdO6Sr2,14,1.70,369
Bi2O12Sm2Ti3,139,1.90,446
Bi2O9SrTa2,36,1.58,393
Bi2O9SrTa2,41,2.30,390
Bi2O9SrTa2,139,2.00,427
BiRbS4Si,14,2.08,130
BrCe3S8Si2,15,0.12,215
Br6Cs2InNa,225,1.89,137
BrF3RbSb,2,3.75,308
Br2LaS2Sb,14,2.10,161
BrLa3S8Si2,15,2.63,175
BrLi6PS5,216,2.13,415
BrNd3S8Si2,15,2.73,239
BrPr3S8Si2,15,2.63,247
BrS8Si2Sm3,15,2.61,286
CHo2N6Si4,14,3.21,640
CN6Si4Y2,14,3.10,717
Ca2Cl2O3Si,79,5.10,452
CaF6GaLi,163,6.40,439
Ca3Ga2Ge3O12,230,2.98,532
CaGaLaO4,62,3.46,447
CaGaLiN2,14,2.13,527
CaGeO5Zr,2,0.59,501
Ca2InNbO6,14,3.43,475
CaKO9P3,188,5.04,433
Ca4K2O21Si8,2,4.58,549
Ca3K2O10Si3,15,4.75,446
Ca3LiN5Si2,15,2.44,626
Ca3Li4N6Si2,12,2.29,802
Ca4Li2O13Si4,2,4.46,463
Ca2Li2O13Si5,2,4.80,513
CaMgO6Si2,15,4.97,511
Ca7N9NbSi2,11,1.99,586
CaN2O2Si2,4,4.37,628
CaNa2O12P4,125,5.37,468
CaNa4O18P6,15,5.20,461
Ca3Na2O10Si3,15,4.38,414
Ca3Na2O16Si6,2,4.30,459
CaNb2O11P2,15,2.47,498
CaO10S6Sb10,15,1.75,300
Ca2O6SiTi,225,2.36,739
Ca2O12Si4Zr,11,4.85,399
Ce3ClS8Si2,15,0.00,234
CeKO12P4,4,0.23,369
CeKO12P4,14,0.16,335
CeK2O15Si6,15,2.22,468
CeK3P2S8,14,0.17,146
CeKS4Si,11,0.00,179
CeKS4Si,4,0.13,145
CeNaO12P4,14,0.18,349
ClCsF3Sb,121,3.66,275
Cl6Cs2InLi,166,3.23,136
Cl5Dy3O6Si2,12,4.77,225
Cl2Eu2O3Si,87,0.64,277
ClF3KSb,61,4.43,259
Cl3F10K3Sn5,63,3.29,152
Cl3F2Rb2Sb,2,3.06,225
Cl5Gd3O6Si2,12,2.53,271
Cl9InLiNb3,2,0.95,282
Cl6InLiRb2,225,2.83,248
Cl6InNaRb2,225,3.05,203
ClLa3S8Si2,15,2.61,187
ClLi6PS5,216,2.14,401
Cl12NNbP2,15,2.43,209
Cl12NP2Ta,15,2.87,171
Cl7NPTa,14,3.17,152
Cl11NP2Zr,64,2.86,247
Cl14NSb2V,14,1.19,303
Cl14N2Si4Ti,19,2.52,316
Cl5NbP2S2,14,1.69,156
Cl5NbP4S10,2,1.20,179
ClNd3S6Si,62,2.56,309
Cl5O6Si2Sm3,12,4.61,255
Cl2O3SiSr2,87,5.12,297
Cl5O6Si2Tb3,12,4.69,274
Cl5O6Si2Y3,12,4.56,312
Cl5P2S2Ta,14,2.34,194
ClPr3S8Si2,15,2.74,275
ClS6SiSm3,62,2.56,353
CsErO12P4,14,5.81,373
CsErS4Si,19,3.03,157
CsEuO12P4,14,0.01,423
Cs2F6GaLi,164,6.13,260
Cs2F6GaNa,166,5.97,223
Cs2F6InK,225,5.46,209
Cs2F6InNa,225,5.30,235
CsF6NaSn,60,5.14,140
Cs2F10OSb2,13,3.87,144
CsF7Rb2Si,127,5.73,184
CsGaK4O4,61,2.42,237
Cs2GaLi3O4,72,3.66,323
Cs2GaO10P3,14,4.35,337
CsGa2O16P5,7,4.64,464
CsGdO12P4,14,3.43,323
CsGdS4Si,19,1.72,157
Cs2GeO13P4,2,4.12,346
Cs2Ge3O9Sn,176,2.61,323
Cs2Ge3O9Ti,176,2.95,281
CsGeS4Sm,19,2.46,195
CsGeS5Ta,2,0.99,203
Cs2InNa3O4,14,2.07,275
CsInO12P4,205,4.32,333
CsLaO12P4,4,5.05,351
CsLiO6P2,43,5.62,302
Cs4Li2O15Si6,11,4.41,287
Cs2MgO12Si5,61,4.58,311
Cs3Mo6O38P10,2,0.97,497
CsNaO5Si2,33,4.46,250
Cs4Nb2O23Si8,2,3.73,332
CsNb2PS10,7,1.51,159
CsNdO12P4,4,5.30,388
CsNdO12P4,14,5.49,361
Cs3NdP2S8,14,2.18,181
CsO12P4Pr,4,5.30,377
CsO12P4Pr,14,5.47,348
CsO12P4Tb,4,5.31,364
CsO16P5V2,7,0.01,419
CsO12P4Y,14,5.52,340
CsO7SbSi2,33,3.23,261
Cs2O9Si3Sn,19,3.79,304
Cs2O15Si6Ti,15,3.29,400
Cs2O15Si6Ti,9,3.51,408
Cs2O9Si3Zr,176,4.79,310
Cs2O15Si6Zr,12,4.95,337
Cs3P2S8Sm,14,2.19,254
CsPS6Ta,14,1.79,208
CsP2S8Ti,9,1.37,181
CsS4SiSm,19,2.84,155
Dy3FO10Si3,14,5.11,382
DyKO12P4,15,5.28,441
DyKO12P4,14,5.47,415
DyLiO12P4,15,5.93,460
DyNa3O15Si6,64,4.51,480
DyO6SbSr2,14,3.66,412
Er3FO10Si3,14,5.10,376
ErKO12P4,4,5.29,417
ErKO12P4,20,5.37,377
ErKO12P4,14,5.49,385
ErKP2S7,14,2.66,139
ErLiO12P4,15,5.92,429
ErNaO12P4,14,5.54,397
ErNaP2S6,2,2.54,128
Er3P4Rb3S16,14,2.28,208
EuGeKS4,4,0.01,156
EuGeLi2S4,121,0.20,251
EuKO12P4,4,0.00,465
EuKPS4,62,0.01,180
EuKS4Si,4,0.27,144
EuLiO12P4,15,4.08,449
EuLiPS4,142,0.00,214
EuMg3N4Si,88,0.16,623
EuN2O2Si2,1,0.31,436
EuN7Si4Y,186,0.55,679
EuNaO12P4,14,4.04,422
EuRbS4Si,19,0.46,156
F6GaKRb2,225,5.89,276
F6GaLiRb2,166,6.11,317
FGaO4Sr3,140,3.68,426
FGd13Ge6O31,146,2.96,278
FHo3O10Si3,14,5.11,380
F6InK2Na,225,5.24,299
F12In2Li3Na3,230,5.29,296
F7InMgNa2,62,4.97,310
F6InNaRb2,225,5.34,288
F6KNaSi,62,6.98,223
F6KNaSn,33,5.17,232
F2K2O5P2,15,5.04,475
F14K4Sb2Sn,2,4.08,280
F7KSnZr,53,4.01,230
F3La5O12Sb4,130,3.31,218
FLaO3Si,190,4.60,312
F9MoOSb,14,3.68,227
F6NaRbSn,60,5.10,155
FO5Pr2Sb,4,3.51,358
F10ORb2Sb2,14,3.77,117
FO10Si3Y3,14,5.14,464
F2S3SnSr2,62,2.08,277
Ga3Gd3O12Sc2,230,0.49,544
GaGe5La3O16,2,3.27,530
Ga2GeLi2S6,43,2.13,140
GaGeNSr2,11,0.48,389
GaGe2NaO6,15,2.64,324
GaK2Li3O4,14,3.42,441
GaKNa2O3,62,2.51,488
GaKNa4O4,61,2.60,411
GaKO12P4,12,4.55,435
GaLaOS2,57,1.93,284
GaLa3OS5,62,1.20,167
Ga5La3O14Sn,150,3.31,529
GaLiN2Sr,12,1.84,442
GaLi3Na2O4,58,3.24,582
GaLiO6Si2,15,4.27,441
GaLiO6Si2,14,4.31,429
GaLiO8W2,13,3.45,462
GaMgMo4O7,74,0.00,552
GaMo4S8Si,216,0.02,520
GaN3OSr4,61,1.13,391
Ga4NaNdS8,70,2.10,149
GaNa3O23P8,213,5.00,457
GaNaO6Si2,15,4.17,421
Ga2Nd4O4S5,61,3.00,238
Ga3O20P6Rb,20,4.79,485
Ga2O16P5Rb,7,4.65,467
GaO6SbSr2,225,0.73,487
GaO6SbSr2,87,1.29,465
GaO6Sr2Ta,87,4.04,516
GdKO12P4,15,3.22,362
GdKO12P4,4,3.12,377
GdKO12P4,14,3.49,334
Gd3K3P4S16,15,1.50,224
GdLiO12P4,15,3.47,391
GdNaO12P4,14,3.36,356
GdO12P4Rb,14,3.47,327
Ge2InKO6,15,2.31,317
GeKLaS4,4,2.30,122
GeKNO,29,2.68,366
GeKNaO3,33,3.03,350
Ge2K3Nb3O13,189,2.32,456
GeKNdS4,4,2.49,138
GeK2O15Si6,9,4.37,494
Ge3K2O9Sn,165,2.63,382
Ge3KO9Ta,188,3.51,318
Ge3K2O9Ti,165,2.85,306
GeKS4Tb,4,2.45,172
GeKS4Y,4,2.42,208
Ge2Li4N6Sr3,12,2.05,614
Ge4LiNaO9,29,2.66,338
Ge2LiO6V,14,2.03,398
GeMgN4Sr3,52,1.41,438
Ge2NaO6Sc,15,3.55,357
Ge2NaO6V,15,2.05,383
Ge3NbO9Rb,188,3.17,242
Ge4O17Rb14Si6,14,1.34,311
Ge3O9Rb2Sn,165,2.38,345
Ge3O9RbTa,188,3.47,313
Ge3O9Rb2Ti,165,3.07,275
GeRbS5Ta,2,0.92,217
HoKO12P4,15,5.33,440
HoK3O9Si3,31,3.76,337
HoLiO12P4,15,5.93,457
HoO12P4Rb,14,5.77,409
HoO6SbSr2,14,3.64,415
In2KNa9O8,62,1.71,420
InK2Na3O4,58,1.92,373
InK3Na2O4,14,1.91,282
In3K5O21Si7,33,3.84,409
In2K4O21Si8,14,3.80,487
InKP2S7,5,2.04,260
InK2P2S7,12,1.87,219
InLiMo2O8,15,2.83,434
InLiO6Si2,15,3.85,392
InNa3O4Rb2,58,2.16,349
InNaO6Si2,15,3.48,397
InNaO8W2,13,3.48,398
InNbO6Sr2,14,3.39,449
InO6SbSr2,14,1.75,390
KLaO12P4,36,4.35,349
KLaO12P4,4,4.89,377
K3LaP2S8,14,2.45,135
K2LaP2S7,14,2.26,107
KLaP2S6,14,2.67,103
KLaS4Si,11,2.69,146
KLaS4Si,4,2.94,117
KLiO6P2,14,5.48,366
KLiO6P2,15,5.29,367
KLiO5Si2,4,4.71,431
K3LuO9Si3,31,3.48,328
KMgO9P3,188,4.95,415
KMoO5Sb,14,3.37,357
KMo2O8Sb,2,2.54,471
K2Na3O10P3,15,4.39,424
KNa2O9P3,2,5.05,426
K4Na2O15Si6,15,4.33,383
KNaO5Si2,14,4.28,349
K4Nb2O23Si8,2,3.79,379
KNbO7Si2,100,3.43,383
KNb2PS10,29,1.50,180
K2NdO15P5,9,5.25,418
KNdO12P4,15,5.36,399
KNdO12P4,4,5.34,413
K3NdO15Si6,55,4.14,397
K3NdO17Si7,147,4.71,450
K3NdP2S8,14,2.44,161
K2NdP2S7,14,2.35,131
K3Nd3P4S16,15,2.42,251
KO12P4Pr,15,5.35,390
KO12P4Sm,15,5.30,470
K2O12P4Sr,82,5.60,483
KO12P4Tb,4,5.32,391
KO24P7V4,2,1.84,498
KO12P4Y,15,5.35,383
KO12P4Y,4,5.33,396
KO12P4Yb,14,0.04,448
K3O9S3Sb7,173,1.83,164
K6OS6Si2,14,3.15,305
K2O9Si3Sn,146,3.86,434
K2O9Si3Sn,176,3.83,462
K4O9Si3Sr,40,4.16,387
K2O9Si3Ti,146,3.37,404
K2O9Si3Ti,176,3.19,426
K2O15Si6Ti,9,3.44,432
K2O15Si6Ti,2,3.25,439
K2O15Si6Ti,4,3.44,435
K2O9Si3Zr,176,4.81,388
KP2S6Sb,4,2.27,236
K2P2S7Sm,5,2.22,237
KP2S7Sm,14,2.63,250
KPS6Ta,14,1.73,344
KPS5Ti,12,1.22,220
K4P2S9V,33,1.29,238
KP2S7V,5,0.07,233
KS4SiY,4,2.79,161
K2S11Sn2Y4,130,1.58,248
LaLiO12P4,15,5.21,356
La2LiO6Sb,14,3.89,434
LaNaO12P4,14,5.10,316
La2O2S3Sn,62,1.67,214
LaRbS4Si,62,2.79,146
Li2Mg2O11Si4,2,4.93,499
Li2NO2P,36,5.60,774
LiNOSi,29,5.25,808
Li2N4Si2Sr,205,3.44,788
LiNdO12P4,15,6.08,397
LiO12P4Tb,15,6.06,399
LiO12P4Y,15,6.07,416
LiO6SbW,60,2.12,407
LiO6ScSi2,15,4.92,486
LiO6ScSi2,14,4.93,469
LiO6Si2V,15,2.07,486
LiO6Si2V,14,1.88,477
LuNa5O12Si4,155,3.68,419
Mg4N12P6S,217,4.83,660
Mg2Na3O16P5,13,4.81,460
Mg2Na2O15Si6,64,4.41,463
MgO12Rb2Si5,61,4.78,357
MoNaO5Sb,14,3.42,342
N8O6P6Sr3,147,4.50,611
N4O3Si3Y2,113,2.79,679
N7Si4SrY,186,2.74,719
NaNb2PS10,15,1.65,197
NaNdO12P4,14,5.60,362
NaNdO14Si6,72,4.80,445
Na3O8PSi2,19,3.15,426
Na2O12P4Sr,125,5.33,469
Na3O23P8Ti,213,0.21,421
Na2O6PV,14,3.34,447
Na2O13P2V3,56,1.78,445
Na3O23P8V,213,2.43,423
NaO12P3V3,74,0.15,461
NaO12P4Y,14,5.59,368
NaO14PrSi6,72,4.79,448
NaO5RbSi2,14,4.44,342
Na3O4RbSn,88,2.25,325
NaO6SbSr3,167,2.92,333
NaO12Sb3Sr4,14,2.09,230
Na4O13Sc2Si4,33,4.60,443
NaO6ScSi2,15,4.95,439
Na8O18Si6Sn,166,3.80,450
Na2O9Si2Ti2,60,3.26,463
Na2O11Si4Ti,87,2.73,399
NaO6Si2V,15,2.00,462
Na3O15Si6Y,64,4.53,528
NaO6Si2Y,14,4.71,385
NaO6Si2Y,15,4.80,395
Na2O11Si4Zr,15,4.58,349
NaP2S6Sb,14,2.18,209
NaP2S6Sb,4,2.15,212
NaP2S6Sm,14,2.79,218
NaP2S6Yb,2,1.70,238
NaS7SiSm3,173,2.02,154
NaS7SiY3,173,2.20,298
NbO5RbSi,19,3.21,378
Nb2O23Rb4Si8,2,3.72,363
Nb2PRbS10,7,1.55,181
Nb2P2Rb2S11,11,1.16,128
NdO12P4Rb,15,5.30,393
NdO12P4Rb,14,5.45,368
O13P4Rb2Si,2,5.17,392
O12P4RbSm,15,5.30,461
O12P4RbTb,14,5.49,344
O12P4RbTm,14,5.47,422
O12P4RbY,14,5.48,350
O9Rb2Si3Sn,176,3.80,433
O15Rb2Si6Ti,9,3.49,424
O9Rb2Si3Ti,176,3.14,400
O6SbSmSr2,14,3.60,380
O6SbSr2Y,225,3.51,488
O6SbSr2Y,14,3.70,429
O7Si2SrTi,63,3.61,481
O10Si3SrY2,2,4.93,517
P4Pr3Rb3S16,2,2.29,246
P2Rb3S8Sm,4,2.19,266
PRbS6Ta,14,1.72,346
PRbS5Ti,12,1.19,195
P5Rb3S18Zr2,9,1.98,352
